month,weekday,value
1,TRUE,0.002519524
,FALSE,0.001963387
2,TRUE,0.002656842
,FALSE,0.002070395
3,TRUE,0.002794676
,FALSE,0.002177805
4,TRUE,0.00296121
,FALSE,0.00230758
5,TRUE,0.002993075
,FALSE,0.002332411
6,TRUE,0.003127418
,FALSE,0.0024371
7,TRUE,0.003205675
,FALSE,0.002498083
8,TRUE,0.003194893
,FALSE,0.002489682
9,TRUE,0.003023551
,FALSE,0.00235616
10,TRUE,0.002981379
,FALSE,0.002323296
11,TRUE,0.002844073
,FALSE,0.002216298
12,TRUE,0.002785429
,FALSE,0.002170599
