,natgas,elec,othergas,fok
northeast,0.477804175,0.389772746,0.050351864,0.094521669
midwest,0.579233602,0.40507054,0.031397692,0
south,0.270711492,0.700026805,0.029456775,0.002173784
west,0.617761373,0.341081897,0.043598929,0