,natgas,elec,othergas,fok,district
northeast,0.364055819,0.4221574,0.026453589,0.059168208,0.071000624
midwest,0.483065401,0.374830973,0.012697009,0.006606168,0.032142749
south,0.371542049,0.486782478,0.022719555,0.008170484,0.027108168
west,0.464002949,0.363583112,0.016940779,0.005889507,0.03012301